Reference,Name
LT000258,"Corporate: Policies, Performance, and Governance Documents"
LT000320,HR
LT000257,Surface Transport
LT100007,London Underground (Pre 1933)
LT000276,London Underground (Post 1933)
LT000247,Planning
LT000259,Compliance and Information Management
LT000260,Finance
LT000266,Marketing and Communications
LT000252,London Rail
LT100001,2012 Games Transport
LT100000,Special World War II Considerations
LT100004,London Transport Museum
LT100009,Oral Histories
LT100005,British Transport Police
LT100006,External Transport Societies
LT100008,1948 Olympics
LT000258/001,Board Minutes and Papers
LT000258/002,Chief Officers
LT000258/003,Governance Committees and Panels
LT000258/004,Investor Relations (Key High Level Company Reporting)
LT000258/005,Safety and Security
LT000258/006,Sustainable Development
LT000258/007,Travel and Performance
LT000258/008,Governance
LT000258/009,Borough Partnerships
LT000258/010,Publications
LT000258/011,British Transport Commission Meetings and Directions
LT000258/012,Greater London Council Minutes of Proceedings and Directions
LT000320/001,Pensions
LT000320/002,Staff Rewards and Benefits
LT000320/003,People Planning and Organisational Effectiveness
LT000320/004,HR Strategy and Policies
LT000320/005,Recruitment
LT000320/006,Staff Learning and Development
LT000320/007,Occupational Health
LT000320/008,Industrial Relations Management
LT000320/009,"Directors, Chairmen, and Deputy Chairmen Correspondence"
LT000320/010,Organisation Charts
LT000320/011,Staff Welfare
LT000320/012,Staff Records
LT000320/013,Telephone Directories and Company Diaries
LT000320/014,HR Departmental Meetings
LT000320/015,Job Roles and Job Descriptions
LT000320/016,General Staff Correspondence
LT000257/001,Traffic Operations
LT000257/002,Roads
LT000257/003,Congestion Charging and Traffic Enforcement
LT000257/004,Cycle Hire
LT000257/005,Taxi Private Hire
LT000257/006,"Community Safety, Enforcement and Policing"
LT000257/007,Surface Transport Communications
LT000257/008,Surface Transport Operations
LT000257/009,Surface Transport Finance
LT000257/010,Surface Transport Strategy and Planning
LT000257/011,Buses
LT000257/012,Pre-1933 Bus Companies
LT000257/013,Surface Transport Director’s Correspondence
LT000257/014,Trams and Trolleybuses (Operating 1933-1994)
LT000257/015,Engineering (Trams and Trolleybuses 1933-1994)
LT000257/016,Pre-1933 Tram Companies
LT000257/017,Surface Transport Department Meetings
LT000257/018,Cycling
LT000257/019,Streets
LT000257/020,Walking
LT100007/001,Metropolitan Railway
LT100007/002,Aylesbury and Buckingham Railway
LT100007/003,Hammersmith and City Railway
LT100007/004,Aylesbury and Buckingham Railway
LT100007/005,Hammersmith and City Railway
LT100007/006,Metropolitan District Railway
LT100007/007,East London Railway Company
LT100007/008,Watford and Edgware Railway Company
LT100007/009,Metropolitan and South Western Junction Railway
LT100007/010,Hammersmith Extension Railway
LT100007/011,Hounslow and Metropolitan Railway
LT100007/012,Kingston and London Railway Joint Committee
LT100007/013,City and South London Railway
LT100007/014,Central London Railway
LT100007/015,Great Northern and City Railway
LT100007/016,Waterloo and City Railway Company
LT100007/017,Baker Street and Waterloo Railway
LT100007/018,"Charing Cross, Euston, and Hampstead Railway"
LT100007/019,Ealing and South Harrow Railway Company
LT100007/020,Brompton and Piccadilly Circus Railway Company
LT100007/021,Whitechapel and Bow Railway
LT100007/022,Whitechapel and Bow Railway Joint Committee
LT100007/023,Great Northern and Strand Railway
LT100007/024,"Great Northern, Piccadilly, and Brompton Railway"
LT100007/025,Edgware and Hampstead Railway
LT100007/026,Harrow and Uxbridge Railway
LT100007/027,Metropolitan and Great Central Joint Railways
LT100007/028,Watford Joint Railway Committee
LT100007/029,London Electric Railway
LT100007/030,Pan Railways Papers
LT100007/031,Underground Electric Railways Company
LT100007/032,East London Railway Company Joint Committee
LT100007/033,Ealing and Shepherd's Bush Railway
LT100007/034,Metropolitan and St John's Wood Railway
LT100007/035,Metropolitan and Great Western Joint Train Service
LT000276/001,London Underground Performance and Planning
LT000276/002,London Underground Strategy and Service Development
LT000276/003,London Underground Capital Programmes
LT000276/004,London Underground Safety
LT000276/005,London Underground Safety Asset Support
LT000276/006,London Underground Operations and Controls
LT000276/007,London Underground Asset Performance
LT000276/008,London Underground Insight (Customer Experience)
LT000276/010,London Underground Engineering
LT000276/011,London Underground Maintenance Development
LT000276/012,London Underground Operational Upgrades
LT000276/013,London Underground Network Services
LT000276/014,"Jubilee, Northern, Piccadilly Lines"
LT000276/015,"Bakerloo, Central, Victoria Lines"
LT000276/016,Sub Surface Lines
LT000276/017,London Underground Director’s Correspondence
LT000276/018,London Underground Meetings
LT000247/001,Transport Strategy and Planning
LT000247/002,Borough and Local Area Engagement
LT000247/003,Strategic Modelling and Analysis
LT000247/004,Planning Director’s Correspondence
LT000247/005,Business Planning
LT000247/006,Unit for Disabled Passengers
LT000247/007,Project Appraisal
LT000247/008,Company Plans
LT000247/009,Planning Department Meetings
LT000247/010,Events Traffic and Transport Planning
LT000247/011,Mayor's Transport Strategy
LT000247/012,Organisational Strategy
LT000247/013,Organisation Facts and Figures
LT000259/001,Legal
LT000259/002,Internal Audit
LT000259/003,Secretariat
LT000259/004,Information Governance
LT000259/005,Governance Director’s Correspondence
LT000259/006,Governance Department Meetings
LT000260/001,Finance Office
LT000260/002,Information Technology
LT000260/003,Commercial Development
LT000260/004,Commercial Procurement
LT000260/005,Crossrail Joint Sponsor Team
LT000260/006,Treasurer
LT000260/007,Project Management Office
LT000260/008,Group Property and Facilities
LT000260/009,Finance Director’s Correspondence [Chief Commercial Officer]
LT000260/010,Private Finance Initiative
LT000260/011,Finance Department Meetings
LT000260/012,Architecture and Design Department (Chief Architect)
LT000260/013,Chief Engineer
LT000266/001,Customer Experience
LT000266/002,Public Affairs and Engagement
LT000266/003,Marketing
LT000266/004,Press Office
LT000266/005,Travel Demand Management Programmes
LT000266/006,Internet Services
LT000266/007,Employee Communications
LT000266/008,Marketing and Communications Director’s Correspondence
LT000266/009,Maps
LT000266/010,Timetables and Traffic Circulars
LT000266/011,LT Advertising / Commercial Advertising
LT000266/012,Marketing and Communications Department Meetings
LT000252/001,Crossrail
LT000252/002,London Rail Marketing and Communications
LT000252/003,London Overground
LT000252/004,London Rail Stations
LT000252/005,London Rail Projects
LT000252/006,Docklands Light Railway
LT000252/008,Trams (Tramlink)
LT000252/009,London Rail Health and Safety
LT000252/010,London Rail Human Resources
LT000252/011,London Rail Director’s Correspondence
LT000252/012,London Rail Department Meetings
LT100000/001,Evacuation
LT100000/002,Air Raids
LT100000/003,Air Raid Shelters
LT100000/004,Rationing
LT100000/005,Home Guard
LT100000/006,Savings and Loans Schemes
LT100000/007,Railway Executive Committee
LT100000/008,Protection of Property and Assets
LT100004/001,London Transport Museum Governance
LT100004/002,London Transport Museum Fundraising
LT100004/003,London Transport Museum Collections Management
LT100004/004,London Transport Museum: Education and Outreach
LT100004/005,London Transport Museum: Promotional Material
LT100004/006,London Transport Museum: Human Resources
LT100006/001,Railway Heritage Designation
LT000258/001/001,Extracts and Memorandum of Board Minutes and Papers
LT000258/001/002,Board Minutes and Papers Sets
LT000258/001/003,Officers' Reports to Board
LT000258/001/004,Approvals Sought and Actions Outside of Meetings
LT000258/002/001,Declarations of Interests
LT000258/002/002,Gifts and Hospitality
LT000258/002/003,"Board, Committee, and Panel Members Details"
LT000258/002/004,Chief Officers' Meetings
LT000258/003/001,"Audit, Risk and Assurance Committees"
LT000258/003/002,Finance and Policy Committees
LT000258/003/003,Programmes and Planning Committees
LT000258/003/004,Rail and Underground Committees
LT000258/003/005,Safety and Sustainability Committees
LT000258/003/006,Surface Transport Panel
LT000258/003/007,Environment Committees
LT000258/003/008,Committees with External Bodies
LT000258/003/009,All Company Engineering Committees
LT000258/003/010,HR Committees
LT000258/003/011,Traffic Committees
LT000258/003/012,Chariman's and Vice-Chairman's Meetings
LT000258/003/013,Bus Committees
LT000258/003/014,Customer Experience Committees
LT000258/003/015,Executive Works Committee
LT000258/003/016,Executive Committees
LT000258/003/017,London Transport Museum Board
LT000258/003/018,Property and Supplies Committees
LT000258/003/019,London Transport Trustee Company Limited
LT000258/003/020,London Transport Advertising Board
LT000258/003/021,London Passenger Transport Board (LPTB) Trustee Company Limited
LT000258/003/022,London Transport Executive Trustee Company Limited
LT000258/004/001,Annual Reports and Statements of Accounts
LT000258/004/002,HSE Reports
LT000258/004/003,Quarterly Progress Reports
LT000258/004/004,Business Plans (Published)
LT000258/004/005,Funding Correspondence
LT000258/004/006,Rating Agency Reports
LT000258/004/007,Advertising Reports
LT000258/004/008,Budgets (Published)
LT000258/004/009,Strategy Statements
LT000258/004/010,Spend Reports
LT000258/004/011,Public Market Borrowing
LT000258/004/012,Company Audit Reports
LT000258/004/013,London Buses Limited Annual Accounts
LT000258/004/014,Annual Reports Preparation and Correspondence
LT000258/004/015,London Transport Insurance (Guernsey) Limited
LT000258/005/001,Crime and Incident Bulletins
LT000258/005/002,Community Safety Strategy and Plans
LT000258/005/003,Safety and Security Campaigns
LT000258/005/004,Fire Safety
LT000258/005/005,Asbestos Policies
LT000258/006/001,Environment
LT000258/007/001,Travel in London Reports
LT000258/007/002,Travel in London Supplementary Reports
LT000258/007/003,London Travel Report
LT000258/007/004,Benchmarking Report
LT000258/007/005,Best Value Performance Plan
LT000258/007/006,Summary Best Value Perfomance Plan
LT000258/007/007,Statutory Audit Report
LT000258/007/008,Annual Audit Letter
LT000258/007/009,Detailed Audit Report
LT000258/007/010,Travel Demand Surveys
LT000258/007/011,London Transport Pooling Scheme
LT000258/007/012,London Travel Survey
LT000258/007/013,Daily and Weekly Passenger Demand
LT000258/007/014,Pan-Mode Passenger Statistics
LT000258/007/015,Pan-Mode Mileage Statistics
LT000258/008/001,Data Management Principles
LT000258/008/002,Equality and Inclusion Policies
LT000258/008/003,E-Governance Policies
LT000258/008/004,Financial Issues Policies
LT000258/008/005,Health and Safety Policies
LT000258/008/006,Monitoring and Performance Policies
LT000258/008/007,Skills and Employment Policies
LT000258/008/008,Standing Orders
LT000258/008/009,TfL Private Bills
LT000258/008/010,Governance Framework
LT000258/009/001,Local Implementation Plans
LT000258/009/002,Borough Spending Plans
LT000320/002/001,Staff Travel
LT000320/002/002,Staff Renumeration
LT000320/002/003,Long Service Awards
LT000320/002/004,Superannuation and Staff Support Funds
LT000320/002/005,Safe Driving Competitions
LT000320/002/006,Leave Allowance
LT000320/002/007,Private Medical Schemes
LT000320/002/008,Staff Savings Banks
LT000320/002/009,Employee Recognition Awards
LT000320/003/001,HR Programme
LT000320/003/002,Equality and Inclusion
LT000320/003/003,Resourcing Strategy
LT000320/003/004,Organisational Change Management (incl. Organisation Circulars)
LT000320/003/005,Staff Representation Schemes
LT000320/003/006,Staff Retirement
LT000320/003/007,Staff Military Service
LT000320/003/008,Management Services
LT000320/003/009,Organisational Structure and Development
LT000320/004/001,Human Resources
LT000320/004/001,Conditions of Employment
LT000320/004/002,Disciplinaries and Dismissals
LT000320/005/001,Staff Appointments
LT000320/005/002,Apprenticeships
LT000320/005/003,Vacancy Notices
LT000320/005/004,Graduate Schemes
LT000320/005/005,Recruitment Drives
LT000320/005/006,Staff Promotions
LT000320/006/001,Library
LT000320/006/002,Railway Training School
LT000320/006/003,Learning and Development Policies
LT000320/006/004,Learning and Development Courses
LT000320/007/001,Counselling and Trauma
LT000320/007/002,Drugs and Alcohol
LT000320/007/003,Physiotherapy
LT000320/007/004,Occupational Health Information for Managers
LT000320/007/005,Occupational Health Information for Employees
LT000320/007/006,Health and Wellbeing
LT000320/007/007,Occupational Health Reporting
LT000320/007/008,Occupational Health Programme Administration
LT000320/008/001,DO
LT000320/008/002,Trade Union Negotiations
LT000320/008/003,Industrial Relationship
LT000320/008/004,Sectional Councils
LT000320/011/001,Medical Examinations
LT000320/011/002,Health Matters
LT000320/011/003,Staff Accidents and Compensation
LT000320/011/004,Canteens
LT000320/011/005,Staff Clubs and Network Groups
LT000320/011/006,Staff Uniforms [not design]
LT000320/011/007,Staff Shift Working
LT000320/011/008,Staff Benevolent Funds
LT000320/011/009,Staff Housing and Hostels (incl Retirement Homes)
LT000320/011/010,Assaults on Staff
LT000320/011/011,Sports and Social Grounds
LT000320/011/012,Staff Events
LT000320/011/013,Annual Reports on Staff Welfare
LT000320/011/014,Welfare Meetings
LT000320/011/015,Staff Welfare Correspondence and Reports
LT000320/011/016,Food Production Centres
LT000320/011/017,Employee Welfare Associations
LT000320/012/001,Staff Registers
LT000320/012/002,Staff Files
LT000320/012/003,Staff Personal Papers
LT000320/012/004,Retired Members and Officers
LT000320/012/005,Staff Memorials
LT000320/012/006,Staff Civilian Honours and Awards
LT000257/001/001,Traffic Control Centre
LT000257/001/002,Traffic Planned Works
LT000257/001/003,Real Time Traffic Operations
LT000257/001/004,Traffic Infrastructure
LT000257/001/005,Traffic Technology and Programmes
LT000257/001/006,Traffic Projects
LT000257/001/007,Traffic Network Performance
LT000257/001/008,Traffic CCTV and Telecoms
LT000257/002/001,Highways
LT000257/002/002,Road Tunnels and Structures
LT000257/002/003,Road Asset Investment
LT000257/002/004,London Routes and Places Strategy
LT000257/002/005,Roads Projects
LT000257/002/006,"Road Safety, Risk and Design"
LT000257/002/007,Roads Development and Delivery
LT000257/002/008,Road Space Management
LT000257/002/009,Roads Management Meetings
LT000257/003/001,Road Network Compliance
LT000257/003/002,Contracted Congestion Charging and Traffic Enforcement Services
LT000257/003/003,Congestion Charging and Traffic Enforcement Projects and Programmes
LT000257/003/004,Congestion Charging and Traffic Enforcement Technical
LT000257/003/005,Congestion Charging and Traffic Enforcement Asset Portfolio
LT000257/003/006,Congestion Charging and Traffic Enforcement Commercial
LT000257/003/007,Congestion Charging Scheme Planning
LT000257/004/001,Cycle Hire Operations
LT000257/004/002,Cycle Hire Delivery
LT000257/004/003,Cycle Hire Service Development
LT000257/005/001,Taxi Private Hire Policies and Procedures
LT000257/005/002,Taxi Private Hire Business Services and Development
LT000257/005/003,Knowledge of London
LT000257/005/004,Taxi Private Hire Guidance Documents
LT000257/005/005,Taxi Private Hire Reports
LT000257/005/006,Taxi Private Hire Driver and Operator Regulations
LT000257/006/001,Police Contracts and Performance
LT000257/006/002,Enforcement and On-Street Operations
LT000257/007/001,Communications Planning
LT000257/007/002,Surface Transport Communications External Communications
LT000257/007/003,Surface Transport Communications Government Relations
LT000257/007/004,Surface Transport Communications Internal Communications
LT000257/008/001,Surface Transport Health and Safety
LT000257/008/002,London River Services
LT000257/008/003,Victoria Coach Station
LT000257/008/004,London Buses Limited
LT000257/008/005,Surface Transport Projects
LT000257/008/006,Surface Transport Environment
LT000257/008/007,East London Transit
LT000257/008/008,Coach Stations
LT000257/009/001,Surface Transport Finance Accounts
LT000257/009/002,Cycle Hire Finance
LT000257/009/003,Surface Transport Finance: Major Projects
LT000257/009/004,Surface Transport Finance: Infrastructure
LT000257/009/005,Surface Transport Finance: Operations
LT000257/009/006,Surface Transport Financial Modelling
LT000257/009/007,Surface Transport Finance Risk and Assurance
LT000257/010/001,Bus Priority
LT000257/010/002,Surface Transport Education and Training
LT000257/010/003,Bus Driver Information Resources
LT000257/010/004,Bus and Coach Licensing
LT000257/010/005,Surface Transport Consultation Delivery
LT000257/010/006,Surface Transport Portfolio and Benefits Realisation
LT000257/010/007,Surface Transport Borough Projects and Programmes
LT000257/010/008,Surface Transport: Behaviour Change
LT000257/010/009,Community Transport (Dial-a-Ride) [development and performance of]
LT000257/010/010,Freight and Fleet
LT000257/010/011,Surface Transport Strategy and Planning: Environment
LT000257/010/012,Surface Transport Plans
LT000257/011/001,Events Planning for Buses
LT000257/011/002,Bus Contracts
LT000257/011/003,Buses Contingency Planning
LT000257/011/004,Bus Engineering
LT000257/011/005,Bus Monitoring and Reporting
LT000257/011/006,Bus Network Development
LT000257/011/007,Buses Performance
LT000257/011/008,Buses Resilience
LT000257/011/009,Ticket Technology
LT000257/011/010,Bus Stations and Stands
LT000257/011/011,Bus Network Traffic Control
LT000257/011/012,Bus Night Network Control
LT000257/011/013,Buses Technical Services
LT000257/011/014,Bus Garages
LT000257/011/015,Central Buses Operating
LT000257/011/016,Country Buses and Coaches Operating
LT000257/011/017,Bus Director's Correspondence
LT000257/011/018,OperatIng Manager's Meetings and Correspondence
LT000257/012/001,London General Omnibus Company
LT000257/012/002,Thomas Tilling Group
LT000257/012/003,The National Steam Car Company Limited
LT000257/012/004,London Road Car Company Limited
LT000257/012/005,London Motor Bus Company Limited
LT000257/012/006,Horse Buses
LT000257/014/001,Trams and Trolleybuses (Operating 1933-1994) Operations
LT000257/014/002,Trams and Trolleybuses (Operating 1933-1994) Staff Uniforms
LT000257/014/003,Trams and Trolleybuses (Operating 1933-1994) Statutory and Byelaws
LT000257/014/004,Trams and Trolleybuses (Operating 1933-1994) General Traffic Superintendent
LT000257/014/005,Trams and Trolleybuses (Operating 1933-1994): Accounts
LT000257/015/001,Trams and Trolleybuses 1933-1994 Rolling Stock
LT000257/015/002,Trams and Trolleybuses 1933-1944 Technical Investigation
LT000257/015/003,Trams and Trolleybuses 1933-1944 Drawing Office
LT000257/015/004,Trams and Trolleybuses 1933-1944 Plant Technical Data
LT000257/015/005,Trams and Trolleybuses 1933-1944 Distribution Engineering
LT000257/015/006,Trams and Trolleybuses 1933-1944 Permanent Way Engineering
LT000257/015/007,Lighting Department South Metropolitan Electric Tramways and Lighting Company
LT000257/015/008,Trams and Trolleybuses Conversion Schemes
LT000257/015/009,Trams and Trolleybuses General Correspondence
LT000257/015/010,Trams and Trolleybuses Power Supply
LT000257/016/001,London United Tramways
LT000257/016/002,London County Council Tramways
LT000257/016/003,Walthamstow Corporation Tramways
LT000257/016/004,North Metropolitan Electric Tramways
LT000257/019/001,Streets Projects
LT000257/020/001,Legible London
LT000257/020/002,Research on Walking
LT000257/020/003,Walking Maps
LT000257/020/004,Walking Routes
LT000257/020/005,Walking Strategy
LT100007/029/001,Board Minutes and Papers
LT000276/001/001,London Underground Operational Training
LT000276/001/002,London Underground Fleet Stores and Depots (incl. depot and repair shop admin and planning)
LT000276/001/003,Lift and Escalator Stores
LT000276/001/004,Track and Signal Stores
LT000276/001/005,London Underground Systems and Data
LT000276/001/006,London Underground Manufacturing Stores
LT000276/001/007,London Underground Programme Planning
LT000276/001/008,London Underground Asset and Safety Training
LT000276/001/009,London Underground Asset Information and Systems
LT000276/001/010,London Underground Maintenance Performance
LT000276/001/011,London Underground Maintenance Planning
LT000276/001/012,London Underground Strategic Planning
LT000276/001/013,London Underground Uniform Stores
LT000276/001/014,Underground Rolling Stock
LT000276/001/015,Underground Passenger Numbers
LT000276/001/016,"Underground Failures, Delays and Accidents"
LT000276/001/017,London Underground Empty Mileage
LT000276/001/018,London Underground Performance Statistics and Reports
LT000276/001/019,London Underground Conditions of Carriage
LT000276/002/001,London Underground Network Development
LT000276/002/002,London Underground Trains Systems and Upgrades Strategy
LT000276/002/003,London Underground Service Planning and Reliability
LT000276/002/004,London Underground Commercial Revenue Strategy
LT000276/002/005,London Underground Commercial Contracts Strategy
LT000276/002/006,"London Underground Engineering (Civils, Stations, Lifts and Escalators)"
LT000276/002/007,London Underground Legal
LT000276/002/008,London Underground Performance Modelling
LT000276/002/009,London Underground Forecasting
LT000276/002/010,London Underground Corporate Communications
LT000276/002/011,London Underground Stakeholder Communications
LT000276/002/012,London Underground Environment Strategy
LT000276/002/013,London Underground Station and Operational Accommodation Capacity
LT000276/002/014,Fit for the Future Stations
LT000276/002/015,London Underground Design and Modernisation Plans
LT000276/003/001,London Underground Stations and Crossings Capital Programmes
LT000276/003/002,London Underground Infrastructure Capital Programmes
LT000276/003/003,London Underground Asset Renewal Capital Programmes
LT000276/003/004,London Underground Engineering Capital Programmes
LT000276/003/005,London Underground Safety Capital Programmes
LT000276/003/006,London Underground Capital Programmes Correspondence and Department Information
LT000276/004/001,London Underground Safety Standards and Audit
LT000276/004/002,London Underground Safety Emergency Response Unit
LT000276/004/003,Formal Investigation Reports
LT000276/004/004,Underground Fire Certificates
LT000276/004/005,Underground Safety Investigations
LT000276/004/006,London Underground Safety Strategy and Planning
LT000276/005/001,London Underground Safety Incident Management
LT000276/005/002,London Underground Safety Power Management
LT000276/005/003,London Underground Safety  Workshop Operations
LT000276/005/004,London Underground Safety  Manufacturing and Track Workshops
LT000276/005/005,London Underground Safety Power Supply and Maintenance
LT000276/005/006,London Underground Safety Facilities Support
LT000276/005/007,London Underground Asset Condition and Safety Standards
LT000276/006/001,London Underground Control Room
LT000276/006/002,London Underground Power Generation
LT000276/006/003,London Underground Network Operations Centre
LT000276/006/004,London Underground Network Resilience
LT000276/006/005,London Underground Operations Planning and Integration
LT000276/006/006,London Underground Track Access
LT000276/006/007,London Underground Joint Working Partnerships
LT000276/006/008,London Underground Ticketing and Revenue Updates
LT000276/007/001,London Underground Materials Performance
LT000276/007/002,London Underground Fleet and Trains Performance
LT000276/007/003,London Underground Stations and Structural Maintenance
LT000276/007/004,London Underground Track and Signals Performance
LT000276/007/005,London Underground Asset Management Policies
LT000276/010/001,London Underground Engineering Standards and Specifications
LT000276/010/002,London Underground Engineering Meetings and Correspondence
LT000276/013/001,London Underground Network Services Strategic Change [e.g. Epping Ongar viability and closure]
LT000276/013/002,London Underground Network Reliability
LT000276/014/001,"Jubilee, Northern, Piccadilly Lines: Trains"
LT000276/014/002,"Jubilee, Northern, Piccadilly Lines: Stations"
LT000276/014/003,"Jubilee, Northern, Piccadilly Lines: Infrastructure"
LT000276/015/001,"Bakerloo, Central, Victoria Lines: Trains"
LT000276/015/002,"Bakerloo, Central, Victoria Lines: Stations"
LT000276/015/003,"Bakerloo, Central, Victoria Lines: Infrastructure"
LT000276/016/001,Sub Surface Lines: Trains
LT000276/016/002,Sub Surface Lines: Stations
LT000276/016/003,Sub-Surface Lines: Infrastructure
LT000247/001/001,Special Projects
LT000247/001/002,Economic Analysis
LT000247/001/003,Transport Planning Consents
LT000247/001/004,Transport Planning Equality and Sustainability
LT000247/001/005,Transport Planning: Urban Design
LT000247/001/006,Transport Planning: Aviation
LT000247/001/007,Transport Planning: Environment
LT000247/001/008,Traffic and Local Planning
LT000247/001/009,Transport Planning: Customer Safety
LT000247/001/010,Transport Planning: Customer Experience
LT000247/001/011,Transport Planning: External Factors and Incidents
LT000247/001/012,Transport Planning: Research (originally LT247/1/9)
LT000247/001/013,British Standards Institution
LT000247/003/001,Transport Modelling
LT000247/003/002,Demand Modelling
LT000247/003/003,Strategic Modelling and Analysis: Environment
LT000247/003/004,Strategic Modelling and Analysis: Vehicles
LT000247/003/005,Strategic Modelling and Analysis: Behaviour
LT000247/005/001,Business Planning Research
LT000247/005/002,Business Development
LT000247/005/003,Business Change Planning and Projects
LT000247/005/004,Business Planning Operational Research
LT000247/006/001,Development of Facilities for Disabled People
LT000247/006/002,Dial-a-Ride [establishment of]
LT000247/006/003,Mobility Bus Services
LT000247/006/004,London Boroughs' Taxicard Scheme
LT000247/007/001,Major Subsidiary Business Proposals
LT000247/007/002,Liaison with Department of Transport
LT000247/007/003,Appraisal of Planning Projects
LT000247/010/001,Festival of Britain
LT000247/010/002,Coronation 1953
LT000247/010/003,Funeral of King George VI
LT000247/010/004,Funeral of Prince Philip Duke of Edinburgh
LT000247/010/005,British Empire Exhibition 1924
LT000259/001/001,Public and Regulatory Law
LT000259/001/002,Commercial Law
LT000259/001/003,Property and Planning Law
LT000259/001/004,Employment Law
LT000259/001/005,Commercial Disputes Resolution
LT000259/001/006,Intellectual Property
LT000259/001/007,Licensing and Route Approval Review
LT000259/001/008,Legal Secretary
LT000259/001/009,Police and County Court Cases
LT000259/001/010,Legal Claims
LT000259/001/011,Estates Legal Documents
LT000259/001/012,London Passenger Transport Board Acquisitions (Companies)
LT000259/001/013,Solicitor's Committee
LT000259/002/001,Business Processes Audit
LT000259/002/002,Commercial Audit
LT000259/002/003,Information Technology Audit
LT000259/002/004,Fraud and Security
LT000259/002/005,Crossrail Audit
LT000259/002/006,Staff Renumeration Audit
LT000259/002/007,Internal Audit Correspondence
LT000259/002/008,Stores Audit
LT000259/002/009,Internal Audit Meetings
LT000259/003/001,Subsidiary Companies Administration
LT000259/003/002,Sealing Registers
LT000259/003/003,Members' Correspondence
LT000259/003/004,Board and Committee Meeting Preparations
LT000259/003/005,Stocks and Debentures
LT000259/004/001,Information and Records Management
LT000259/004/002,Freedom of Information and Transparency
LT000259/004/003,Information Governance
LT000259/004/004,TfL Archives
LT000259/004/005,Information Security
LT000260/001/001,Accounting and Reporting
LT000260/001/002,Expenses Management
LT000260/001/003,Financial Planning and Analysis
LT000260/001/004,Insurance
LT000260/001/005,Payroll
LT000260/001/006,Finance Office Correspondence
LT000260/001/007,Financial Effectiveness Steering Group
LT000260/001/008,Chief Financial Officer Meetings and Correspondence
LT000260/002/001,Information Technology: Strategy
LT000260/002/002,Information Technology: Contact Centre Operations
LT000260/002/003,Information Technology: Performance and Compliance
LT000260/002/004,Information Technology: Payments Technology
LT000260/002/005,Information Technology: Cyber Security
LT000260/002/006,Information Technology: Communication
LT000260/002/007,Open Data
LT000260/002/008,Information Technology and Data: Meetings
LT000260/003/001,Commercial Development: Asset Management
LT000260/003/002,"Commercial Development: Strategy, Performance, and Planning"
LT000260/003/003,Innovation
LT000260/003/004,Commercial Development : Housing
LT000260/003/005,Property Management
LT000260/003/006,Operational Property
LT000260/003/007,Property Development
LT000260/003/008,London Transport International and London Transport Consulting
LT000260/003/009,TfL Consulting
LT000260/003/010,Commercial Development Property Images
LT000260/004/001,Commercial Procurement: Buildings
LT000260/004/002,Commercial Procurement: Capital Construction
LT000260/004/003,Surface Procurement
LT000260/004/004,Information Technology Procurement
LT000260/004/005,"Commercial Procurement: Governance, Strategy, Policies, and Procedures LT000260/004/005/001"
LT000260/004/006,Contracts
LT000260/004/007,London Underground Procurement
LT000260/004/008,Rail Procurement
LT000260/004/009,GLA Collaborative Procurement
LT000260/004/010,Commercial Procurement: Capital Systems
LT000260/005/001,Crossrail Business Case
LT000260/005/002,Crossrail Risk and Planning
LT000260/005/003,Crossrail Commercial
LT000260/006/001,Banking and Cash
LT000260/006/002,Derivatives and Investments
LT000260/006/003,Financial Compliance
LT000260/007/001,Project Management Office: Performance and Reporting
LT000260/007/002,Project Management Office: Business Support
LT000260/007/003,Project Management Office: Business Change
LT000260/007/004,Project Management Office: Assurance
LT000260/008/001,Group Property and Facilities: Contracted Services [was Sustainable Buildings]
LT000260/008/002,Group Property and Facilities: Premises Management and Administration
LT000260/008/003,Group Property and Facilities: Premises Plans and Drawings [was Operational Services]
LT000260/008/004,Group Property and Facilities: Premises Projects and Programmes
LT000260/008/005,Station Car Parks
LT000260/008/006,Chief Estates Officer Meetings and Correspondence [and Supplies Officer]
LT000260/008/007,Telephone System
LT000266/001/001,Customer Experience Infrastructure Service Delivery
LT000266/001/002,Travel Information Centres (Passenger Agents) LT000260/003/007
LT000266/001/003,Customer Experience: Business Development and Strategy
LT000266/001/004,Customer Experience Technology Architecture
LT000266/001/005,Customer Experience: Contracts
LT000266/001/006,Customer Experience: Infrastructure Contracts
LT000266/001/007,Revenue Policies and Systems
LT000266/001/008,Customer Experience Application Support
LT000266/001/009,Lost Property Office
LT000266/001/010,Customer Experience: Software Development
LT000266/001/011,Customer Experience: Quality Assurance
LT000266/001/012,Customer Experience: Technical Delivery
LT000266/001/013,Oyster Online
LT000266/001/014,Oyster
LT000266/001/015,Customer Experience Projects
LT000266/001/016,Customer Experience: Pricing and Forecasting
LT000266/001/017,Fares and Revenue
LT000266/001/018,Travel Products
LT000266/001/019,Ticketing Fraud and Payment
LT000266/001/020,Customer Experience: External Initiatives
LT000266/001/021,Customer Experience: National Rail Interface
LT000266/001/022,Online Fraud and Chargebacks
LT000266/001/023,Customer Experience: Key Relationships Management
LT000266/001/024,Art on the Underground
LT000266/001/025,Poems on the Underground
LT000266/001/026,Audio Guides
LT000266/001/027,Market Research
LT000266/001/028,In Bloom
LT000266/002/001,Government Relations
LT000266/002/002,Public Affairs and Engagement : Campaigns
LT000266/002/003,Publishing and Events
LT000266/002/004,Public Affairs and Engagement : Conferences
LT000266/002/005,Public Affairs and Engagement : International Relations
LT000266/002/006,Commissioner's Reports
LT000266/002/007,Public Correspondence
LT000266/002/008,Filming and Photography
LT000266/002/009,Public Affairs and Engagement: Consultations
LT000266/002/010,Royal Visits
LT000266/002/011,Charity Collecting
LT000266/003/001,Signage
LT000266/003/002,Customer Databases
LT000266/003/003,Marketing: Information Delivery
LT000266/003/004,Design and Print
LT000266/003/005,Graphic Design and Corporate Standards
LT000266/003/006,Visual Imaging Services
LT000266/003/007,"Passenger Conveniences (Non-Board Property) [eg shelters, seats]"
LT000266/003/008,Marketing: Partnerships
LT000266/003/009,Staff Uniform Design
LT000266/003/010,Merchandise
LT000266/004/001,Press Office Performance and Evaluation
LT000266/004/002,Press Office Strategy and Campaigns
LT000266/004/003,Press Office: Operations
LT000266/004/004,Press Releases
LT000266/004/005,Metro Pages
LT000266/004/006,Press Advertising
LT000266/004/007,Press Cuttings
LT000266/004/008,Staff Involvement with Media
LT000266/004/009,Press Conferences
LT000266/004/010,Press Briefs
LT000266/005/001,Travel Demand Management Programmes: Event Communications
LT000266/005/002,Travel Demand Management Programmes: New Business
LT000266/005/003,Travel Demand Management Programmes: Programmes
LT000266/005/004,Travel Demand Management Programmes: Customer Interfaces
LT000266/005/005,Travel Demand Forecasting
LT000266/006/001,Internet Services Governance and Planning
LT000266/006/002,Internet Services Production and Operations
LT000266/006/003,Internet Services Design and Architecture
LT000266/006/004,Internet Services Programmes and Delivery
LT000266/006/005,Internet Services Incident Management
LT000266/006/006,Internet Services Projects
LT000266/006/007,Internet Services: Social Media
LT000266/006/008,Internet Services User Experience
LT000266/007/001,Intranet Content
LT000266/007/002,Employee Communications: Communications and Delivery
LT000266/009/001,London Underground Maps
LT000266/009/002,London Buses Maps
LT000266/009/003,London River Services Maps
LT000266/009/004,London Trams Maps
LT000266/009/005,TfL Rail Maps
LT000266/009/006,London Overground Maps
LT000266/009/007,London Connections Maps
LT000266/009/008,Combination Maps
LT000266/009/009,Cycling Maps
LT000266/009/010,Country Bus and Coaches Maps
LT000266/009/011,Docklands Light Railway Maps
LT000266/009/012,Pre-1933 Maps
LT000266/009/013,Map Planning and Design
LT000266/009/014,Walking Maps
LT000252/001/001,Crossrail Station Premises
LT000252/001/002,Crossrail Asset Engineering
LT000252/001/003,Crossrail Depot Facilities
LT000252/001/004,Crossrail Fleet Management
LT000252/001/005,Crossrail Concessions
LT000252/001/006,Crossrail  Infrastructure Engineering
LT000252/001/007,Crossrail: Maintenance
LT000252/001/008,Crossrail: Overground Contract
LT000252/001/009,Crossrail Rolling Stock Engineering
LT000252/001/010,Crossrail: Retail and Commercial
LT000252/001/011,Crossrail Signalling and Control Systems Engineering
LT000252/001/012,Crossrail Stations Management
LT000252/001/013,Crossrail Systems Engineering
LT000252/001/014,Crossrail Track Engineering
LT000252/001/015,Crossrail: Business Planning
LT000252/001/016,Crossrail: Stakeholder Communications
LT000252/001/017,Crossrail: Executive Management and Company Secretary
LT000252/001/018,Crossrail Finance Records
LT000252/001/019,Crossrail: Planning and Environment Records
LT000252/001/020,Crossrail: Forecasting and Demand Modelling
LT000252/001/021,Crossrail: Route Development
LT000252/002/001,London Rail Staff Bulletins
LT000252/002/002,London Overground External Comunications
LT000252/003/001,Development and Planning
LT000252/003/013,Community Engagement
LT000252/006/001,Docklands Light Railway Development and Planning
LT000252/006/002,DLR Operations
LT000252/006/003,London Cable Car
LT000252/006/004,Docklands Light Railway Engineering
LT000252/006/005,Docklands Light Railway Finance
LT000252/006/006,Docklands Light Railway Franchising and Concessions
LT000252/006/007,Docklands Light Railway Projects
LT000252/006/008,Docklands Light Railway Safety and Security
LT000252/006/009,Docklands Light Railway Annual General Meetings
LT000252/006/010,Docklands Light Railway Board Meetings
LT000252/006/011,Docklands Light Railway Promotional Material Pre-2000
LT000252/006/012,Docklands Light Railway Investor Relations
LT000252/006/013,Docklands Light Railway Community Engagement
LT000252/008/001,Trams (Tramlink): Compliance
LT000252/008/002,Trams (Tramlink) Infrastructure Management
LT000252/008/003,Trams (Tramlink) Projects
LT000252/008/004,Trams (Tramlink) Strategy
LT000252/008/005,Trams (Tramlink) Governance
LT000252/008/006,Trams (Tramlink) Contracts and Agreements
LT000252/008/007,Trams (Tramlink) Performance
LT000252/008/008,Trams (Tramlink) Planning Estimates
LT000252/008/009,Trams (Tramlink) Publications and Press Releases
LT000252/008/010,Trams (Tramlink) Exhibition Material
LT000252/008/011,Community Engagement
LT000252/009/001,Sandilands Derailment RAIB Statements
LT100004/001/001,Trustee Appointments
LT100004/001/002,London Transport Museum Board Papers
LT100004/001/003,Loan Agreements
LT100004/001/004,Articles of Association
LT000258/001/002/001,LPTB Board Minute Book and Report Books
LT000258/002/003/001,Publicity Photographs of Board Members
LT000258/002/003/002,Board Renumeration and Allowances
LT000258/002/003/003,"Biographies of Board, Committee and Panel Members"
LT000258/003/001/001,Risk Management Panel
LT000258/003/001/002,Audit Committee
LT000258/003/001/003,Audit and Assurance Committee
LT000258/003/001/004,Safety Audit Committee
LT000258/003/002/001,Investment Comittee
LT000258/003/002/002,Public Private Partnership Committee
LT000258/003/002/003,Commercial Committee
LT000258/003/002/004,Finance Committee
LT000258/003/002/005,Finance and Policy Committee
LT000258/003/002/006,Finance Committee Extracts
LT000258/003/002/007,Investment Programme Committee
LT000258/003/002/008,Investment Planning Committee
LT000258/003/002/009,Investment Review and Cash Release Control Committee
LT000258/003/002/010,Cash and Risk Management Committee
LT000258/003/003/001,Independent Investment Programme Advisory Group
LT000258/003/003/002,Corporate Strategy Committee
LT000258/003/003/003,Patents Liaison Committee
LT000258/003/003/004,Project Review Committee / Group
LT000258/003/003/005,Planning and Corporate Panel
LT000258/003/003/006,Project and Planning Panel
LT000258/003/003/007,Corporate Investment Review Committee
LT000258/003/003/008,Corporate Panel
LT000258/003/003/009,Special Purposes Committee
LT000258/003/003/010,Strategy Planning Advisory Committee
LT000258/003/003/011,Planning and Communications Policy Committee
LT000258/003/003/012,Central Business Committee
LT000258/003/003/013,Transition Chief Executive's Committee and other Transition Committees
LT000258/003/003/014,General Purposes Committee
LT000258/003/004/001,Metropolitan and Great Central Joint Committee
LT000258/003/004/002,Metropolitan and London North Eastern Railway Joint Committee
LT000258/003/004/003,East London Railway Joint Committee
LT000258/003/004/004,Hammersmith and City Railway Joint Committee
LT000258/003/004/005,Whitechapel and Bow Railway Company and Joint Committee
LT000258/003/004/006,Railway Management Meetings
LT000258/003/004/007,Rail and Underground Panel
LT000258/003/004/008,Rail Transport Advisory Committee
LT000258/003/004/009,Underground Advisory Committee
LT000258/003/004/010,Mechanical Engineering Committee (Railways)
LT000258/003/004/011,Committee on Railway Capacity
LT000258/003/004/012,SSL Alliance Board
LT000258/003/004/013,Contract Implementation Working Group
LT000258/003/004/014,Railway Board Meetings
LT000258/003/005/001,Resilience Panel
LT000258/003/005/002,London Underground Limited Safety Committee
LT000258/003/005/003,Productivity Committee
LT000258/003/005/004,"Safety, Health and Environment Committee"
LT000258/003/005/005,Safety and Sustainability Panel
LT000258/003/005/006,"Safety, Access, and Sustainability Panel"
LT000258/003/005/007,"Safety, Health and Environment Assurance Committee"
LT000258/003/005/008,"Safety, Sustainability and Human Resources Committee"
LT000258/003/005/009,Board Safety Committee
LT000258/003/005/010,"Health, Safety and Environment Committee"
LT000258/003/007/001,Environment and Planning Committee
LT000258/003/007/002,"Environment, Corporate and Planning Committee"
LT000258/003/008/001,Standing Joint Committee (LPTB and National Rail)
LT000258/003/008/002,London and Home Counties Traffic Advisory Committee
LT000258/003/008/003,LT Passengers Committee
LT000258/003/008/004,Railways Clearing House
LT000258/003/008/005,British Rail / LT Liaison Group
LT000258/003/008/006,Association of Train Operating Companies
LT000258/003/008/007,Transport Users' Consultative Committee
LT000258/003/008/008,Greater London Council (GLC) Transport Committee
LT000258/003/008/009,Railways Consultative Committee
LT000258/003/008/010,British Standards Institute (BSI)
LT000258/003/008/011,LRPC
LT000258/003/008/012,South Essex Traffic Advisory Committee
LT000258/003/008/013,British Transport Joint Consultative Committee
LT000258/003/008/014,British Transport Commission London Transport Sub-Committee
LT000258/003/008/015,LOC
LT000258/003/008/016,London Joint Advisory Committee
LT000258/003/008/017,London Rail Advisory Committee
LT000258/003/008/018,Road Safety Committee
LT000258/003/008/019,Central Transport Consultative Committee
LT000258/003/008/020,Transport Co-ordination Council for London
LT000258/003/008/021,London Travel Committee
LT000258/003/008/022,London Transport Standing Liaison Group
LT000258/003/008/023,Greater London Council (GLC) Transport Panel
LT000258/003/008/024,Confederation of British Public Transport
LT000258/003/008/025,Passenger Transport Executives Mixed (incl Secretaries Meetings)
LT000258/003/008/026,House of Commons Transport Committee
LT000258/003/008/027,Road Safety Operators Council
LT000258/003/008/028,The Public Transport Association
LT000258/003/008/029,London Plan Committee and Working Party
LT000258/003/008/030,Passenger Transport Facilities Committees
LT000258/003/008/031,Passenger Transport Committee (subsidiaries incl. Passenger Transport Co-ordination Committee and Passenger Transport Planning Committee)
LT000258/003/008/032,British Transport Commission Parliamentary Committee
LT000258/003/008/033,British Transport Commission Research Co-ordination Committee
LT000258/003/009/001,Engineering Committee
LT000258/003/009/002,Engineering Management Meeting
LT000258/003/009/003,Technical Development and Research Committee
LT000258/003/009/004,Technical Committee
LT000258/003/009/005,Electrical Engineer's Meeting
LT000258/003/010/001,"Staff, Stores, and Accounts Committee"
LT000258/003/010/002,Establishment Committee
LT000258/003/010/003,Renumeration Committee
LT000258/003/010/004,Transition Chief Officer's Committee
LT000258/003/010/005,Corporate and Equalities Advisory Committee
LT000258/003/010/006,Negotiating Committee
LT000258/003/010/007,Manpower Committee
LT000258/003/011/001,Informal Traffic Committee Meetings
LT000258/003/011/002,Traffic Promotion Committee
LT000258/003/011/003,Traffic Committee Meetings
LT000258/003/011/004,Traffic Advisory Committee
LT000258/003/012/001,Vice-Chairman's Meetings
LT000258/003/012/002,Chairman's Meetings
LT000258/003/012/003,Chairman's Management Meeting
LT000258/003/012/004,Chairman's Conference
LT000258/003/012/005,Vice-Chairman's Conference
LT000258/003/012/006,Chairman's Monday Meeting
LT000258/003/012/007,Chairman's Review Meetings
LT000258/003/013/001,Bus Management Meeting
LT000258/003/013/002,Bus Privatisation Committee
LT000258/003/013/003,Road Services Licenses Committee
LT000258/003/014/001,Design Committee
LT000258/003/014/002,Fares Review Committee
LT000258/003/014/003,Customer Service and Operational Performance Panel
LT000258/003/014/004,Independent Disability Advisory Group
LT000258/003/014/005,Fares and Services Advisory Committee
LT000258/003/016/001,TfL Leadership Team Meetings
LT000258/003/016/002,Extracts and Memoradum from Executive Committee
LT000258/003/016/003,Docklands Light Railway Executive Committee Meetings
LT000258/003/016/004,London Transport Executive Committee
LT000258/003/016/005,Executive Conference
LT000258/003/016/006,London Transport Executive Trustees Company Limited Meetings
LT000258/003/016/007,London Regional Transport Executive Committee
LT000258/003/016/008,Special Emergency Committee of Executive Members
LT000258/003/018/001,Property Board
LT000258/003/018/002,Property Use and Development Committee
LT000258/003/018/003,Station and Railway Premises Committee
LT000258/003/018/004,Property Development Steering Group
LT000258/003/018/005,Property Investment Committee
LT000258/003/018/006,"Supplies, Estates, and Commercial Advertising Committee"
LT000258/003/018/007,Supplies Committee
LT000258/003/018/008,Land and Property Committee
LT000258/003/018/009,Contract and Supplies Committee
LT000258/003/018/010,Supplies Policy Meetings
LT000258/003/018/011,Contracts and Purchasing Committee
LT000258/003/018/012,Estates Committee
LT000258/007/010/001,Travel Demand Surveys and Results
LT000258/007/010/002,Travel Demand Surveys Analysis
LT000258/008/001/001,Control Documents
LT000258/008/001/002,Information Management Policies
LT000258/008/001/003,Information Security Classification
LT000258/008/001/004,Data Transparency
LT000258/008/001/005,Privacy and Data Protection
LT000258/008/002/001,Control Documents
LT000258/008/005/001,Control Documents
LT000258/008/005/002,"Health, Safety and Environment Policies"
LT000258/008/010/001,Code of Corporate Governance
LT000258/008/010/002,Code of Conduct
LT000258/008/010/003,Mayoral Directions
LT000320/004/001/001,Pay and Conditions of Service
LT000320/007/001/001,Counselling Case Files
LT000320/007/002/001,Drugs and Alcohol Case Files
LT000320/007/005/001,Occupational Health Information for Employees: Advice and Guidance Notes
LT000320/007/005/002,Occupational Health Information for Employees: Promotional Material
LT000320/007/005/003,Occupational Health Information for Employees: Occupational Health Category One Standards
LT000320/007/006/001,Medical Case Files
LT000320/007/006/002,Health and Well Being Advice
LT000320/007/006/003,Rehabilitation for Injuries at Work
LT000320/007/007/001,Mental Health Annual Reports
LT000320/007/007/002,Annual Medical Officer Reports
LT000320/007/007/003,Industrial Safety Reports
LT000320/007/007/004,Motivation Reports and Surveys
LT000320/008/002/001,TfL Company Council
LT000320/008/002/002,London Transport Consultative Committee
LT000320/008/002/003,Transport and General Workers Union
LT000320/008/002/004,Transport Salaried Staff Association (TSSA)
LT000320/008/002/005,National Union of Railwaymen (NUR)
LT000320/008/002/006,National Council for the Omnibus Industry
LT000320/008/002/007,London Trasport Joint Trades Committee
LT000320/008/002/008,National Joint Industrial Council for the Electricity Supply Industry
LT000320/008/002/009,Railway Clerks Association
LT000320/008/002/010,Associated Society of Locomotive Engineers and Firemen
LT000320/008/002/011,National Joint Council for Craftsmen Employed in Municipal Passenger Transport Undertakings
LT000320/008/002/012,Trade Unions Council
LT000320/008/002/013,"National Union of Rail, Maritime and Transport Workers (RMT)"
LT000320/011/005/001,Faith Staff Network Group
LT000320/011/005/002,LGBTQ Staff Network Group
LT000320/011/005/003,Administrative Staff Sports Association
LT000320/011/005/004,Staff Clubs and Network Groups Mixed Correspondence and Meetings
LT000320/011/005/005,London Electric Railways Athletic Association
LT000320/011/005/006,St John Ambulance Association
LT000320/011/005/007,"London Transport and Metropolitan Electric Tramways (MET) Athletic, Social and Benevolent Club"
LT000320/011/011/001,Albert Stanley Institute
LT000320/011/011/002,Burnt Oak Sports Ground
LT000257/002/001/001,Lane Rental Scheme
LT000257/002/001/002,Highways Improvement Schemes
LT000257/002/005/001,Pedestrian Countdown at Traffic Signals
LT000257/002/006/001,Road Accident Mitigation
LT000257/002/006/002,Road Safety Reports
LT000257/002/006/003,Road Accident Statistics and Analysis
LT000257/002/006/004,Road Safety Campaigns
LT000257/002/006/005,Motorcycling Safety
LT000257/002/007/001,Silvertown Tunnel
LT000257/002/008/001,Approaches to Road Space Management
LT000257/002/008/002,Traffic Management Schemes (Permanent and Temporary)
LT000257/002/008/003,Road Closures (Permanent and Temporary)
LT000257/002/008/004,Road Space Signage
LT000257/002/008/005,Road Space Maintenance
LT000257/002/008/006,Road Space Management Agreements
LT000257/002/008/007,Road Space Management: Borough Liaison
LT000257/002/008/008,Road Space Management: Government Liaison
LT000257/002/008/009,Road Space Management Reports and Guidance
LT000257/006/002/001,Enforcement and On-Street Operations Director's Office
LT000257/006/002/002,Enforcement and On-Street Operations: Intelligence and Analysis
LT000257/006/002/003,Enforcement and On-Street Operations: Performance
LT000257/006/002/004,Enforcement and On-Street Operations: Roads
LT000257/008/002/001,London River Services Strategy
LT000257/008/006/001,Surface Transport Asbestos Registers
LT000257/010/001/001,Red Routes
LT000257/010/001/002,Scheme Reviews
LT000257/010/001/003,London Bus Initiative
LT000257/010/001/004,"Performance Targets, Reports, and Analysis"
LT000257/010/001/005,Bus Priority Schemes and Routes
LT000257/010/001/006,Bus Priority Consultations
LT000257/010/005/001,Surface Transport Public Consultation Delivery: Final Consultation Report
LT000257/010/005/002,Surface Transport Public Consultation Delivery: Consultation Materials
LT000257/010/007/001,Garden Bridge Project
LT000257/010/007/002,Islington Air Quality Plan
LT000257/010/007/003,The Children's Traffic Club
LT000257/010/009/001,Dial-a-Ride Marketing and Communications
LT000257/010/009/002,Dial-a-Ride Performance
LT000257/010/009/003,Dial-a-Ride Operations
LT000257/010/009/004,Dial-a-Ride Strategy and Development
LT000257/010/009/005,Dial-a-Ride Conditions of Carriage
LT000257/010/010/001,Out of Hours Goods and Frieght Deliveries
LT000257/010/010/002,Freight and Fleet Road Awareness
LT000257/010/010/003,Freight and Fleet Guidance
LT000257/010/010/004,Freight and Fleet Case Studies
LT000257/010/010/005,Freight and Fleet Reports
LT000257/011/002/001,Bus and Coach Private Hire
LT000257/011/002/002,Tendered Bus Unit
LT000257/011/002/003,Bus Tendering
LT000257/011/002/004,Loan of Vehicles
LT000257/011/002/005,Bus Privatisation
LT000257/011/002/006,Bus Contract Carriages
LT000257/011/004/001,Architect (Buses)
LT000257/011/004/002,Electrical Engineering (Buses)
LT000257/011/004/003,Signal Engineering (Buses)
LT000257/011/004/004,Mechanical Engineering (Buses)
LT000257/011/004/005,Civil Engineering (Buses)
LT000257/011/004/006,Works Engineering Chiswick
LT000257/011/004/007,Rolling Stock (Buses)
LT000257/011/004/008,Bus Development
LT000257/011/004/009,Bus Contracts and Quotations
LT000257/011/004/010,Bus Inspections
LT000257/011/004/011,Bus Engineering Management
LT000257/011/004/012,Bus Purchasing
LT000257/011/004/013,Associated Equipment Company (AEC)
LT000257/011/004/014,Bus Disposal
LT000257/011/006/001,Bus Subsidiary Companies
LT000257/011/006/002,Bus Services and Routes Development
LT000257/011/006/003,Bus Rolling Stock and Fleet Development Strategy and Planning
LT000257/011/006/004,Bus Services Meetings
LT000257/011/007/001,BUSTO Data and Documentation
LT000257/011/009/001,Physical Ticket Media
LT000257/011/009/002,On-Bus Fare Collection
LT000257/011/009/003,Roadside Ticketing
LT000257/011/009/004,Electronic Ticketing
LT000257/011/009/005,On-Bus Ticketing Equipment
LT000257/011/009/006,Fare Structures
LT000257/011/009/007,PRESTIGE Contract
LT000257/011/010/001,Bus Stations Control
LT000257/011/010/002,Bus Station Operations
LT000257/011/010/003,Bus Station Premises
LT000257/011/010/004,Bus Stands
LT000257/011/013/001,Bus Scheduling
LT000257/011/013/002,Bus Stops
LT000257/011/013/002,"BESI, Radio etc"
LT000257/011/013/003,One Person Operation of Buses Technicalities
LT000257/011/013/004,Buses Technical Services Meetings
LT000257/011/013/005,Driver and Conductor Instructions
LT000257/011/015/001,Central Buses Operations
LT000257/011/015/002,Central Buses Staff (not Staff Records)
LT000257/011/015/003,Central Buses Committees
LT000257/011/016/001,Country Buses and Coaches Operations
LT000257/011/016/002,Country Buses and Coaches Staff  (not Staff Records)
LT000257/011/016/003,Country Buses and Coaches Committees
LT000257/012/001/001,London General Omnibus Company Shareholders Meetings
LT000257/012/001/002,London General Omnibus Company Rolling Stock
LT000257/012/001/003,London General Omnibus Company Acquisitions and Undertakings
LT000257/012/001/004,London General Omnibus Company Staff Agreements
LT000257/012/001/005,London General Omnibus Company Reports
LT000257/012/001/006,London General Omnibus Company Operating Manager's Meetings and Correspondence
LT000257/014/001/001,Trams and Trolleybuses (Operating 1933-1994) Northern Division
LT000257/014/001/002,Trams and Trolleybuses (Operating 1933-1994) Southern Division
LT000257/014/001/003,Trams and Trolleybuses (Operating 1933-1994) Accidents and Failures
LT000257/014/002/001,Trams and Trolleybuses (Operating 1933-1994) Recruitment
LT000257/014/002/002,Trams and Trolleybuses (Operating 1933-1994) Staff Uniform
LT000257/014/002/003,Trams and Trolleybuses (Operating 1933-1994) Staff Wages
LT000257/014/002/004,Trams and Trolleybuses (Operating 1933-1994) Trade Unions
LT000257/014/002/005,Trams and Trolleybuses (Operating 1933-1994) Staff Welfare
LT000257/014/002/006,Trams and Trolleybuses (Operating 1933-1994)  Staff Training
LT000257/015/001/001,Trams and Trolleybuses 1933-1944 Works Engineering (Charlton)
LT000257/015/001/002,Trams and Trolleybuses 1933-1944 Works and Divisional Engineering
LT000257/015/001/003,Trams and Trolleybuses 1933-1944 Technical
LT000257/015/001/004,Trams and Trolleybuses 1933-1944 Rolling Stock Licensing
LT000257/015/001/005,Trams and Trolleybuses 1933-1944 Stores and Specifications for Materials
LT000257/019/001/001,Legible London
LT000276/002/001/001,London Underground Network Development: New Lines and Line Extensions
LT000276/002/001/002,London Underground Network Development: Strategy and Business Planning
LT000276/002/001/003,London Underground Network Development: Civil Engineering
LT000276/002/001/004,London Underground Network Development: Stations
LT000276/002/001/005,London Underground Network Development: Depots
LT000276/002/001/006,London Underground Network Development: Train Systems
LT000276/002/001/007,London Underground Network Development: Power Systems
LT000276/002/001/008,London Underground Network Development: Environmental Planning
LT000276/002/001/009,London Underground Network Development: Stakeholder Engagement
LT000276/002/001/010,London Underground Network Development: Borough Engagement
LT000276/002/001/011,London Underground Network Development: Corporate Communications
LT000276/002/001/012,London Underground Network Development: Communications Systems (incl. Connect Project)
LT000276/002/001/013,London Underground Network Development: Rolling Stock Engineering
LT000276/002/001/014,London Underground Ticketing Systems
LT000276/002/006/001,London Underground Infrastructure Protection
LT000276/002/006/002,London Underground Engineering: Civils
LT000276/002/006/003,London Underground Engineering: Lifts and Escalators
LT000276/002/006/004,London Underground Engineering: Telecommunications
LT000276/002/006/005,London Underground Engineering: Stations
LT000276/002/006/006,London Underground Engineering: Depots
LT000276/002/006/007,London Underground Engineering: Signalling
LT000276/002/006/008,London Underground Engineering: Permanent Way
LT000276/002/006/009,London Underground Engineering: Experiments and Investigations
LT000276/002/012/001,London Underground Asbestos Monitoring and Removal
LT000276/002/012/002,Graffitti
LT000276/002/013/001,London Underground Station Analysis
LT000276/002/013/002,London Underground Operational Accommodation
LT000276/002/013/003,London Underground Station Space Allocation
LT000276/002/015/001,Heritage Reports
LT000276/002/015/002,Station Design Audits
LT000276/002/015/003,Station Design Publications
LT000276/003/001/001,King's Cross Station Redevelopment
LT000276/003/001/002,Tottenham Court Road Upgrade
LT000276/003/001/003,Stratford Station Upgrade
LT000276/003/001/004,Leicester Square Station Reconstruction
LT000276/003/001/005,Bank Station Capacity Upgrade
LT000276/003/001/006,Victoria Station Upgrade [previously LT000276/003/001/001]
LT000276/003/001/007,Park Royal Permanent Station 1935
LT000276/003/001/008,Notting Hill Gate Station Reconstruction
LT000276/003/002/001,Northern Line Extension to Battersea
LT000276/006/002/001,Lots Road Power Station
LT000276/006/002/002,Neasden Power Station
LT000276/006/002/003,Greenwich Power Station
LT000276/006/002/004,London Underground Power Supply Planning
LT000276/006/008/001,Ticketing and Revenue Updates
LT000276/006/008/002,Hot Issues Bulletins
LT000276/006/008/003,Ticket Office Information and Updates
LT000276/007/003/001,London Underground Electrical Services Performance
LT000276/007/003/002,London Underground Communications Systems Performance
LT000276/007/003/003,London Underground Cabling Performance
LT000276/007/003/004,London Underground Civil Asset Drawings
LT000276/010/001/001,London Underground Automatic Fare Collection Standards and Specifications
LT000276/010/001/002,London Underground Civil Engineering
LT000276/010/001/003,London Underground Electrical and Mechanical Standards and Specifications
LT000276/010/001/004,London Underground Engineering Communication Standards and Specifications
LT000276/010/001/005,London Underground Fire Safety Standards and Specifications
LT000276/010/001/006,London Underground Human Factors Standards and Specifications
LT000276/010/001/007,"London Underground Quality, Environment, Safety and Health Standards and Specifications"
LT000276/010/001/008,London Underground Lifts and Escalators Standards and Specifications
LT000276/010/001/009,London Underground Power Standards and Specifications
LT000276/010/001/010,London Underground Premises Standards and Specifications
LT000276/010/001/011,London Underground Rolling Stock Standards and Specifications
LT000276/010/001/012,London Underground Signalling and Control Standards and Specifications
LT000276/010/001/013,London Underground Station Planning Standards and Specifications
LT000276/010/001/014,London Underground Systems Integration Standards and Specifications
LT000276/010/001/015,London Underground Telecommunications Standards and Specifications
LT000276/010/001/016,London Underground Track and Permanent Way Standards and Specifications
LT000276/010/001/017,"London Underground Engineering Projects Standards, Manuals, and Processes"
LT000276/010/001/018,London Underground Engineering Assurance and Compliance Standards and Specifications
LT000276/014/002/001,"Jubilee, Northern, Piccadilly Lines: Station Plans"
LT000276/014/002/002,"Jubilee, Northern, Piccadilly Lines: Station Log Books"
LT000276/014/002/003,"Jubilee, Northern, Piccadilly Lines: Stations Premises Administration"
LT000276/014/002/004,"Jubilee, Northern, Piccadilly Lines: Stations Services"
LT000247/001/001/001,Cross River Tram
LT000247/001/001/002,Central London Rail Study
LT000247/001/001/003,Healthy Streets
LT000247/001/001/004,Night Tube
LT000247/001/001/005,Vision Zero
LT000247/001/001/006,World Cup Bid 2018
LT000247/001/001/007,Department for Transport Rapid Transit Research and Development Programme
LT000247/001/001/008,Decimilisation
LT000247/001/001/009,Civil Defence General and London Transport Civil Defence Group
LT000247/001/001/010,Year 2000 [previously LT000247/001/001/001]
LT000247/001/001/011,Woolwich Rail Crossing Study
LT000247/001/001/012,East London Rail Study
LT000247/001/001/013,Adoption of 24 Hour Clock
LT000247/003/005/001,Smarter Travel Unit
LT000247/003/005/002,Behaviour Modelling and Analysis Tools
LT000259/001/001/001,"Departmental Railway, Tramway, and Road Traffic Orders"
LT000259/001/001/002,"Evidence, Statements, and Documentation for Bills, Enquiries and Proceedings"
LT000259/001/001/003,"Review of Government Regulations, Reports, and Orders"
LT000259/001/001/004,Public and Regulatory Law: Local and Public Acts
LT000259/001/001/005,Litigation
LT000259/001/001/006,Prosecutions
LT000259/001/001/007,Acts of Parliament
LT000259/001/001/008,Public Private Partnership Records
LT000259/001/001/009,Transfer and Joint Working Agreements
LT000259/001/001/010,London Transport Bye-Laws
LT000259/001/001/011,Legal Resources
LT000259/001/003/001,Compulsory Acquisitions and Arbitrations
LT000259/001/003/002,Claims by Board
LT000259/001/003/003,Property and Planning Law: Local and Public Acts
LT000259/001/004/001,Staff Claims for Compensation
LT000259/001/005/001,Agreements with Railway Companies and Public Undertakings
LT000259/001/005/002,Amalgamation of Tramways
LT000259/001/005/003,Compulsory Commercial Acquisitions
LT000259/001/006/001,Agreements and Licences relating to Patents
LT000259/001/006/002,Intellectual Property Correspondence and Planning
LT000259/001/010/001,Accident Investigation
LT000259/001/010/002,Claims Settlement
LT000259/001/010/003,Workmen's Acts
LT000259/001/010/004,Loss Investigation
LT000259/001/010/005,Claims Statistics
LT000259/001/010/006,Witness Statements
LT000259/001/010/007,Claims Procedure
LT000259/001/011/001,Estates and Surplus Properties Administration
LT000259/001/011/002,Purchase and Sale of Land and Property
LT000259/001/011/003,"Easements, Wayleaves, and Licenses"
LT000259/001/011/004,"Estates Management: Purchase, Leasing and Sale of Land and Property (Muniments)"
LT000259/002/002/001,Audit of Contrators and Traders Accounts
LT000259/002/002/002,Audit of Revenue Expenditure and Periodical Payments
LT000259/002/002/003,Audit of Special Expenditure Requests
LT000259/002/002/004,Audit of Board's Engineering Expenditure and of Charges by Mainline Railway Companies
LT000259/002/006/001,Payroll and Wages Audit
LT000259/002/006/002,Incentive Bonus Scheme
LT000259/002/006/003,Audit of Staff Sick and Loan Clubs
LT000259/002/008/001,Continuous Audit of Engineering Stores
LT000259/002/008/002,"Continuous Audit of Fuel, Canteen, Stocks, and Other Miscellaneous Stores"
LT000259/002/008/003,Check of Idle and Redundant Stores
LT000259/003/001/001,Subsidiary Companies Registers of Charges
LT000259/003/001/002,Subsidiary Companies: Certificates of Incorporation
LT000259/003/001/003,Subsidiary Companies Name Changes
LT000259/003/001/004,Subsidiary Companies Memoranda and Articles of Association
LT000259/003/001/005,Subsidiary Companies: Statements of Capital
LT000259/003/001/006,Subsidiary Companies: Organisation Charts and Lists
LT000259/003/001/007,Subsidiary Companies: Annual Accounts
LT000259/003/001/008,Subsidiary Companies: Board Minutes and Papers
LT000259/003/001/009,Subsidiary Companies: Sealing Registers
LT000259/003/001/010,Correspondence regarding Subsidiary Companies
LT000259/003/001/011,Sale of Subsidiary Companies
LT000259/004/001/001,Disposal Schedules
LT000259/004/001/002,Records Management Function Development
LT000259/004/001/003,Document Management Frameworks
LT000259/004/002/001,Freedom of Information Requests
LT000259/004/004/001,"TfL Archives Policies, Procedures and Standards"
LT000259/004/004/002,TfL Archives Function Development
LT000259/004/004/003,Outreach and Publicity
LT000260/001/001/001,Accounts Payable
LT000260/001/001/002,Accounts Receivable
LT000260/001/001/003,Accounting: Working Capital
LT000260/001/001/004,Accounting: Tax and Compliance
LT000260/001/001/005,Accounts (Not Company)
LT000260/001/001/006,External Audit
LT000260/001/001/007,Financial Processes and Policies
LT000260/001/001/008,Financial Results and Statistics LT000260/001/002/002
LT000260/001/001/009,Financial Estimates and Enquiries LT000260/001/002/004
LT000260/001/001/010,Property and Asset Registers LT000260/001/003/003
LT000260/001/001/011,Subscriptions and Donations
LT000260/001/002/001,Auditing
LT000260/001/002/002,Processing
LT000260/001/002/003,Expenses Policies
LT000260/001/003/001,Budgets
LT000260/001/003/002,Actuary (Financial Risk Analysis)
LT000260/001/003/003,Strategic Financial Plans
LT000260/001/003/004,Investment Programme
LT000260/001/003/005,Financial Forecasts
LT000260/001/003/006,Financial Analysis
LT000260/001/003/007,Project Expenditure Monitoring
LT000260/003/001/001,Commercial Development Station Development
LT000260/003/001/002,"Commercial Development : Asset Management, Retail"
LT000260/003/002/001,Commercial Development Property Brochures
LT000260/003/002/002,Commercial Devlopment Property Guidance
LT000260/003/002/003,Commercial Development Property Policies
LT000260/003/002/004,Commercial Development Property Sustainable Development
LT000260/003/002/005,Commercial Development Research
LT000260/003/004/001,Housing Strategy
LT000260/003/004/002,Affordable Housing
LT000260/003/005/001,Lettings
LT000260/003/006/001,Ratings
LT000260/003/006/002,Surveys
LT000260/003/006/003,Operational Property Development
LT000260/003/006/004,Operational Property Meetings
LT000260/003/007/001,Property Design
LT000260/003/007/002,Property: Town Planning
LT000260/003/007/003,Property: Construction Programmes
LT000260/008/004/001,55 Broadway Sale
LT000260/008/004/002,Office Premises Refurbishments
LT000260/008/004/003,Acton Works
LT000260/008/004/004,Aldenham Works
LT000260/008/004/005,Chiswick Works
LT000260/008/004/006,Hammersmith Trolleybus Conversion
LT000260/008/004/007,Hammersmith Development Scheme
LT000266/001/017/001,Fare Collection Site Determination
LT000266/001/017/002,Fare Refunds
LT000266/001/017/003,Fares
LT000266/001/017/004,Fares and Revenue: Goods Traffic
LT000266/001/017/005,Fare Collection Development
LT000266/001/017/006,Fare Concessions
LT000266/001/017/007,Fare Collection Operations
LT000266/001/017/008,Fare Evasion
LT000266/001/018/001,Special Ticketing Arrangements
LT000266/001/018/002,Ticketing
LT000266/001/018/003,Ticketing Advice
LT000266/001/018/004,Travel Support Products
LT000266/001/018/005,Location Familiarisation Infomation
LT000266/001/024/001,Art on the Underground Projects
LT000266/001/024/002,Art on the Underground Organisation
LT000266/001/025/001,Selected Poems
LT000266/001/025/002,Publications
LT000266/002/001/001,Correspondence with MP's
LT000266/002/001/002,Correspondence with Government Departments
LT000266/002/001/003,Parliamentary Questions
LT000266/002/001/004,Correspondence and Informal Meetings with London County Council
LT000266/002/001/005,Correspondence and Informal Meetings with Greater London Council
LT000266/002/001/006,British Transport Commission
LT000266/002/001/007,Ministry of Transport
LT000266/002/002/001,Fares Freeze
LT000266/002/002/002,Year of the Bus
LT000266/002/002/003,London Safety Camera Partnership Campaign
LT000266/002/002/004,Last Routemasters in Normal Service
LT000266/002/002/005,Anti-social Teen Bus Behaviour
LT000266/002/002/006,Proposed Counter Terrorism Marketing Campaign
LT000266/002/002/007,Proposed Counter Terrorism Marketing Campaign
LT000266/002/002/008,Bus It! Campaign
LT000266/002/002/009,London Is Open Campaign
LT000266/002/002/010,Car Clubs Campaign
LT000266/002/002/011,London by Boat Campaign
LT000266/002/002/012,Women in Transport Campaign
LT000266/002/002/013,Tackling Sexual Harassment Campaign
LT000266/002/003/001,Remembrance
LT000266/002/003/002,Festival of Britain
LT000266/002/003/003,Awards
LT000266/002/003/004,Metropolitan Railway Centenary
LT000266/002/003/005,Central Line Extension Opening Ceremony
LT000266/002/003/006,Last Day of Steam Locomotives
LT000266/002/003/007,Last Day of Trolleybus Running
LT000266/002/003/008,London General Omnibus Company Centenary Parade
LT000266/002/003/009,Shilibeer 150th Anniversary
LT000266/002/003/010,Publishing Correspondence
LT000266/002/003/011,Docklands Light Railway: Celebrating 20 Years
LT000266/002/003/012,Docklands Light Railway: Celebrating 25 Years
LT000266/002/003/013,Le Tour de France
LT000266/002/003/014,Last A Stock Rail Tour
LT000266/002/003/015,A Century of Type
LT000266/002/003/016,The Opening of the Blackwall Tunnel
LT000266/002/003/017,Opening of the Elizabeth Line
LT000266/002/005/001,Overseas Bus Tours
LT000266/002/009/001,Cross River Tram Consultation
LT000266/002/009/002,Silvertown Tunnel Consultation
LT000266/002/009/003,South Kensington Area Redevelopment
LT000266/002/009/005,London Buses: Routes
LT000266/002/009/006,Crossrail
LT000266/002/009/007,Cycle Lanes and Superhighways
LT000266/002/009/008,London Streets
LT000266/002/009/009,ULEZ
LT000266/002/009/010,Station Upgrades and Improvements
LT000266/002/009/011,London Overground: Upgrades and Extensions
LT000266/002/010/001,Prince Charles at the LTM for TfL20
LT000266/003/001/001,Audio Signage
LT000266/003/001/002,Visual Signage
LT000266/003/001/003,Accessibility Signage
LT000266/003/001/004,Signage Rationale
LT000266/003/004/001,Posters
LT000266/003/004/002,Design Correspondence
LT000266/003/005/001,Cycle Hire Design Standards
LT000266/003/005/002,Docklands Light Railway Design Standards
LT000266/003/005/003,East Thames Buses Design Standards
LT000266/003/005/004,London Buses Design Standards
LT000266/003/005/005,London Dial-a-Ride Design Standards
LT000266/003/005/006,London Overground Design Standards
LT000266/003/005/007,London River Services Design Standards
LT000266/003/005/008,London Streets Design Standards
LT000266/003/005/009,London Taxi and Private Hire Design Standards
LT000266/003/005/010,London Tramlink Design Standards
LT000266/003/005/011,London Underground Design Standards
LT000266/003/005/012,TfL Corporate Design Standards
LT000266/003/005/013,TfL Office Signs Design Standards
LT000266/003/005/014,Victoria Coach Station Design Standards
LT000266/003/005/015,LTE Corporate Design Standards
LT000266/003/005/016,LTB Corporate Design Standards
LT000266/003/005/017,LRT Corporate Design Standards
LT000266/003/005/018,London Cycling Design Standards
LT000266/003/005/019,Web Content and Design Guidelines
LT000266/003/005/020,Ticketing Design Standards
LT000266/003/005/021,London Cable Car Design Standards
LT000266/003/005/022,Elizabeth Line Design Standards
LT000266/003/008/001,Licensing and Intellectual Rights Partnerships
LT000266/004/002/001,Poppy Day Campaigns
LT000266/004/002/002,Night Tube Campaign
LT000266/004/002/003,Christmas Travel Campaigns
LT000266/004/002/004,Printed Media Travel Promotions
LT000266/004/002/005,Oyster
LT000266/004/004/001,Press Releases 2013
LT000266/004/004/002,Press Releases 2014
LT000266/004/005/001,Metro 2012
LT000266/004/005/002,Metro 2013
LT000266/004/005/003,Metro 2014
LT000266/004/010/001,Press Briefs 2008
LT000266/006/007/001,Social Media Strategy and Planning
LT000266/007/002/001,Employee Communications (Staff Circulars)
LT000266/007/002/002,Messages from the Commissioner
LT000266/007/002/003,Weekly Info
LT000266/007/002/004,Weekly RoundUp
LT000266/007/002/005,On the Move Magazine
LT000266/007/002/006,Upfront Magazine
LT000266/007/002/007,Weekly Bulletin
LT000266/007/002/008,Pennyfare Staff Magazine
LT000266/007/002/009,LT News
LT000266/007/002/010,TfL Bulletins (Ad Hoc)
LT000266/007/002/011,OnRoute
LT000266/007/002/012,"TOT (Trains, Omnibus, Trams) Staff Magazines"
LT000266/007/002/013,"Staff Magazines [Correspondence, other]"
LT000266/007/002/014,Employee Communications Strategy and Delivery
LT000252/001/015/001,Crossrail: Strategies and Business Plans
LT000252/001/016/001,Crossrail: Stakeholder Communications Meetings
LT000252/001/016/002,"Crossrail: Communications with Parliament, Department for Transport, and TfL"
LT000252/001/016/003,Crossrail Press Releases
LT000252/001/016/004,Crossrail Publications
LT000252/001/016/005,Crossrail Stakeholder Communications: Events
LT000252/001/016/006,Crossrail Stakeholder Relations Reports
LT000252/001/016/007,Crossrail Borough Communications
LT000252/001/017/001,"Crossrail Board, Committee and Panel Meetings"
LT000252/001/017/002,Crossrail Organisation Charts
LT000252/001/017/003,Crossrail Articles of Association
LT000252/001/017/004,Crossrail Roles and Responsibilities
LT000252/001/017/005,Crossrail Agreements
LT000252/001/018/001,Crossrail Annual Reports
LT000252/001/018/002,Crossrail: Budgets
LT000252/001/019/001,Crossrail: Environment Strategies and Plans
LT000252/001/019/002,Crossrail: Planning and Heritage Applications
LT000252/001/019/003,Crossrail: Consents
LT000252/001/019/004,Crossrail: Archaeological Site Surveys
LT000252/001/019/005,Crossrail: Sustainability Reports
LT000252/006/001/001,Docklands Light Railway Development and Planning: Line Extensions
LT000252/006/001/002,General Development
LT000252/006/003/001,Conditions of Carriage
LT000252/006/003/002,Fares
LT000252/006/003/003,Press Releases
LT000252/006/012/001,Annual Reports
LT000252/006/012/002,Business Strategy Reports
LT000252/008/001/001,Trams (Tramlink) Reports
LT000252/008/001/002,Trams (Tramlink) Audits
LT000252/008/001/003,Trams (Tramlink) Concession Agreement Compliance
LT000252/008/001/004,Trams (Tramlink) Legislative Considerations
LT000252/008/001/005,Trams (Tramlink) Concession and Tender Documentation Working Party
LT000252/008/002/001,Trams (Tramlink) As-Built Drawings
LT000252/008/002/002,Trams (Tramlink) Photographs
LT000252/008/003/001,Cross River Tram
LT000252/008/003/002,West London Tram
LT000252/008/003/003,Shared Bus and Tram Infrastructure Project
LT000252/008/003/004,Minor Reconstruction Works
LT000252/008/003/005,Trams (Tramlink) Extensions
LT000252/008/003/006,Trams (Tramlink) Development Reports
LT000252/008/004/001,Trams (Tramlink) Strategic and Corporate Plans
LT000252/008/004/002,Trams (Tramlink) Funding Reports and Funding Group
LT000252/008/004/003,Tramlink Land Acquisition Co-ordination
LT000252/008/004/004,Tramlink Early Stage Reports and Studies
LT000252/008/005/001,Tramlink Board Papers
LT000252/008/005/002,Tramlink Safety Committee Meetings
LT000252/008/005/003,Tramlink Articles of Association
LT000252/008/005/004,Tramlink British Rail Liaison Working Group
LT000252/008/005/005,Tramlink Project Control Group
LT000252/008/005/006,Tramlink Policies
LT000252/008/006/001,Concession Agreements
LT000252/008/006/002,British Rail Agreements
LT000252/008/006/003,Private Contract Proposals and Agreements
LT000252/008/007/001,Croydon Tramlink Impact Study
LT000257/002/007/001/001,Development and Planning
LT000257/006/002/001/001,Enforcement and On-Street Operations: Mayor's Question Time Information
LT000257/006/002/001/002,Enforcement and On-Street Operations: Stakeholder Briefing Information
LT000257/006/002/001/003,Enforcement and On-Street Operations: Business Planning
LT000257/006/002/001/004,Enforcement and On-Street Operations: Annual Reports
LT000257/006/002/001/005,Enforcement and On-Street Operations Organisation Charts
LT000257/006/002/002/001,"Enforcement and On-Street Operations: Partnership Strategic Assessments (Identification of vulnerable places, people and themes, and impact analysis)"
LT000257/006/002/003/001,Crime and Anti-Social Behaviour Bulletin
LT000257/006/002/004/001,Enforcement and On-Street Operations: Roads Policy Documents
LT000257/006/002/004/002,Enforcement and On-Street Operations: Roads External Consultation Submissions
LT000257/006/002/004/003,Enforcement and On-Street Operations: Roads Partnership Operation Records
LT000257/010/009/001/001,Dial-a-Ride Public Guidance
LT000257/010/009/001/002,In Touch Newsletters
LT000257/010/009/001/003,Dial-a-Ride Press Releases
LT000257/010/009/001/004,Dial-a-Ride Advertising
LT000257/010/009/002/001,Dial-a-Ride Usage Statistics
LT000257/010/009/002/002,Dial-a-Ride User Reports and Analysis
LT000257/010/009/003/001,Dial-a-Ride Service Planning
LT000257/010/009/004/001,Dial-a-Ride Research Reports
LT000257/010/009/004/002,Dial-a-Ride Trials
LT000257/010/009/004/003,Dial-a-Ride Transformation
LT000257/011/004/001/001,Bus New Design
LT000257/011/004/001/002,Bus Body Chassis Specifications
LT000257/011/004/001/003,Bus Maintenenace Design and Specifications (Aldenham)
LT000257/011/004/001/004,Aldenham Bus Works General Correspondence and Memorandum
LT000257/011/004/001/005,Routemaster Bus
LT000257/011/004/001/006,Body Work
LT000257/011/004/004/001,Bus Engine Development
LT000257/011/004/004/002,Bus Tyres
LT000257/011/004/006/001,Coach Factories
LT000257/011/004/006/002,Bus Plant and Electrical Engineering
LT000257/011/004/006/003,Bus Engineering (Chiswick)
LT000257/011/004/006/004,Bus Main Design (Chiswick)
LT000257/011/004/006/005,Chiswick Bus Works General Correspondence and Memorandum
LT000257/011/004/006/006,Chiswick Bus Works Maintenance and Design
LT000257/011/004/007/001,Bus Licensing
LT000257/011/004/007/002,Country Buses and Coaches
LT000257/011/004/007/003,Central Buses
LT000257/011/004/008/001,Bus Investigations and Experiments
LT000257/011/004/008/002,Bus Development Meetings and Correspondence
LT000257/011/004/010/001,Inspections Chiswick
LT000257/011/004/010/002,Inspections Aldenham
LT000257/011/004/010/003,Inspections Charlton and Fulwell
LT000257/011/004/010/004,Bus Inspection Tools and Metrology
LT000257/011/013/001/001,Bus Scheduling Correspondence
LT000257/011/013/001/002,Bus Schedule and Rota Compilation
LT000257/011/013/001/003,Bus Allocation
LT000257/011/013/001/004,Bus Time Cards and Time Books
LT000257/011/013/001/005,"Bus Schedule Tracing, Typing, and Dispatch"
LT000257/011/013/001/006,Bus Scheduling Operations Records
LT000257/011/013/001/007,Bus Schedule Statistics
LT000257/011/013/001/008,Bus Mileage
LT000257/011/013/001/010,Review of Bus Traffic Schemes and Revisions
LT000257/011/013/001/011,Bus Scheduling Publicity
LT000257/011/015/001/001,Central Buses Events Planning
LT000257/011/015/001/002,Central Buses Contracts
LT000257/011/015/001/003,Central Buses Contingency Planning
LT000257/011/015/001/004,Central Buses Monitoring and Reporting
LT000257/011/015/001/005,Central Buses Network Development
LT000257/011/015/001/006,Central Buses Performance
LT000257/011/015/001/007,Central Buses Ticket Technology
LT000257/011/015/001/008,Central Buses Director's Correspondence
LT000257/011/015/001/009,Central Buses Meetings
LT000257/011/016/001/001,Country Buses and Coaches Events Planning
LT000257/011/016/001/002,Country Buses and Coaches Contracts
LT000257/011/016/001/003,Country Buses and Coaches Contingency Planning
LT000257/011/016/001/004,Country Buses and Coaches Monitoring and Reporting
LT000257/011/016/001/005,Country Buses and Coaches Network Development
LT000257/011/016/001/006,Country Buses and Coaches Performance
LT000257/011/016/001/007,Country Buses and Coaches Ticket Technology
LT000257/011/016/001/008,Country Buses and Coaches Director's Correspondence
LT000257/015/001/001/001,Trams and Trolleybuses 1933-1944 Works Engineering Projects
LT000257/015/001/001/002,Trams and Trolleybuses 1933-1944 Works Engineering Works
LT000257/015/001/001/003,Trams and Trolleybuses 1933-1944 Works Engineering Drawing Office
LT000257/015/001/002/001,Trams and Trolleybuses 1933-1944 Works and Divisional Engineering Works
LT000257/015/001/002/002,Trams and Trolleybuses 1933-1944 Works and Divisional Engineering Depots
LT000276/002/001/001/001,Chelsea-Hackney Line
LT000276/002/001/001/002,Piccadilly Line Extension to Heathrow
LT000276/002/001/001/003,Aldwych to Waterloo Line
LT000276/002/001/001/004,Victoria Line Extension to Brixton
LT000276/002/001/001/005,Fleet Line
LT000276/002/001/001/006,Victoria Line
LT000276/002/001/001/007,New Works Programme
LT000276/002/001/001/008,Bakerloo Line Extensions
LT000276/002/001/001/009,Jubilee Line Extension (JLE)
LT000276/002/001/001/010,Croxley Rail Link (Metropolitan Line Extension)
LT000276/002/001/001/011,Central Line Extension Liverpool Street to Stratford
LT000276/002/001/001/013,Central Line Western Extension to Turnham Green and Richmond or Acton Town
LT000276/002/001/001/014,Northern Line Extension Elstree
LT000276/002/001/001/015,Northern Line Extenion to Battersea
LT000276/002/001/004/001,Hackney Central Station Redevelopment
LT000276/002/001/004/002,Green Park Step-Free Project
LT000276/002/001/004/003,Station Modernisation Works
LT000276/002/001/004/004,Earl's Court Modernisation
LT000276/002/001/004/005,Angel Station Redevelopment
LT000276/002/001/004/006,Piccadilly Circus Station Redevelopment
LT000276/002/001/004/007,Barbican Redevelopment
LT000276/002/001/004/008,South Kensington Station Development
LT000276/002/001/004/009,Moorgate Station Development
LT000276/002/001/004/010,Re-siting of Tower Hill Station
LT000276/002/001/004/011,Proposed New Stations (Unrealised)
LT000276/002/001/004/012,Station Redevelopment Works (Mixed)
LT000276/002/001/004/013,Gloucester Road Station Development
LT000276/002/001/006/001,Northern Line Upgrade: Tranmsmission Based Train Control
LT000276/002/001/013/001,Rolling Stock Engineering: Brakes and Doors
LT000276/002/001/013/002,Rolling Stock Engineering: Motors
LT000276/002/001/013/003,Rolling Stock Engineering: Traction Control
LT000276/002/001/013/004,Rolling Stock Depot and Repair Shop Administration and Planning
LT000276/002/001/013/005,Rolling Stock Engineering: Ambience
LT000276/002/001/013/006,Rolling Stock Engineering: Mixed
LT000276/002/006/001/001,Infrastructure Protection Project Management
LT000276/002/006/001/002,Line Schematics
LT000276/002/006/001/003,Historical Overviews
LT000276/002/006/001/004,Infrastructure Protection Research
LT000276/002/006/001/005,Wayleaves and Agreements
LT000276/002/006/002/001,London Underground Engineering: Tunnels
LT000276/002/006/002/002,London Underground Engineering: Bridges and Structures
LT000276/002/006/002/003,London Underground Engineering: Pumps and Drainage
LT000276/002/006/008/001,London Underground Engineering: Tracks
LT000276/002/006/009/001,Noise and Vibration
LT000276/002/013/001/001,Station Analysis: Line Upgrades
LT000276/002/013/001/002,Station Analysis: Line Extensions
LT000276/002/013/001/003,Station Analysis: New Lines
LT000276/002/013/001/004,Station Analysis: Capacity Enhancements
LT000276/002/013/001/005,Station Analysis Congestion Relief
LT000259/001/001/002/001,July 7th Bombings Inquest
LT000259/001/001/002/002,King's Cross Fire Inquiry
LT000259/001/001/002/003,London Passenger Transport Bill
LT000259/001/001/002/004,Select Committee on Nationalised Industries
LT000259/001/001/002/005,Committee of Inquiry into London Transport
LT000259/001/001/002/006,Transport Bill 1953
LT000259/001/001/002/007,British Transport Commission Bill
LT000259/001/001/002/008,London Passenger Transport Valuation Roll
LT000259/001/001/002/009,Transport Act 1947
LT000259/001/001/002/010,Road Traffic Bill
LT000259/001/001/002/011,British Transport Commission Passenger Charges Scheme
LT000259/001/001/002/012,Stanstead Inquiry
LT000259/001/001/002/013,Industrial Courts Act 1919
LT000259/001/001/002/014,London Electric and City and South London Railways Bill
LT000259/001/001/002/015,Local Government Finance Bill
LT000259/001/001/002/016,London Transport Bill 1936
LT000259/001/001/002/017,Railways (Valuation for Rating) Act 1930
LT000259/001/001/002/018,Underground Works (London) Bill 1956
LT000259/001/001/002/019,London Transport Bill 1946
LT000259/001/001/002/020,Croydon Corporation Bill
LT000259/001/001/002/021,Select Committee on London's Underground Railways
LT000259/001/001/002/022,London Regional Transport Act 1984
LT000259/001/001/002/023,Associated Minibus Operators Limited Public Inquiry
LT000259/001/001/002/024,Docklands Light Railway Bills
LT000259/004/002/001/001,Freedom of Information Request Logs
LT000259/004/002/001/002,Freedom of Information Request Responses
LT000259/004/004/003/001,Exhibitions
LT000260/001/001/001/001,Accounts Payable: Revenue
LT000260/001/001/001/002,Accounts Payable: Clerical
LT000260/001/001/001/003,Accounts Payable: Machines
LT000260/001/001/001/004,Accounts Payable: Purchasing Invoices
LT000260/001/001/002/001,Accounts Receivable: Clerical
LT000260/001/001/002/002,Accounts Receivable: Machines
LT000260/001/001/002/003,Accounts Receivable: Property
LT000260/001/001/005/001,Joint Railway Committees Accounts
LT000260/001/001/005/002,Group Management Accounts
LT000260/001/001/005/003,Cash Statements
LT000260/003/001/002/001,"Commercial Development Asset Management, Retail Standards"
LT000266/001/024/001/001,Art on the Underground Artists Briefs
LT000266/001/024/001/002,Art on the Underground Artists Proposals
LT000266/001/024/001/003,Art on the Underground Contracts and Agreements
LT000266/001/024/001/004,Art on the Underground Project Partnerships
LT000266/001/024/001/005,Art on the Underground Funding and Grant Applications
LT000266/001/024/001/006,Art on the Underground Projects: Meetings
LT000266/001/024/001/007,Art on the Underground Projects: Liason Material
LT000266/001/024/001/008,Art on the Underground Projects: Reports
LT000266/001/024/001/009,Art on the Underground Projects: Installation of Works Specification Agreements
LT000266/001/024/001/010,Art on the Underground Projects: Marketing and Promotion
LT000266/001/024/001/011,Art on the Underground Projects: Public Feedback and Research
LT000266/001/024/001/012,Art on the Underground Projects: Education Resources
LT000266/001/024/002/001,Art on the Underground Board and Advisory Panel Meetings
LT000266/001/024/002/002,Art on the Underground Policies and Procedural Documents
LT000266/001/024/002/003,Art on the Underground Strategic Plans
LT000266/001/024/002/004,Art on the Underground Station Site Surveys
LT000266/001/024/002/005,Art on the Underground Marketing and Promotion
LT000266/002/003/013/001,Le Tour de France 2007
LT000266/002/003/013/002,Le Tour de France 2014
LT000252/001/016/002/001,Crossrail: Petitions and Responses
LT000252/001/016/002/002,Crossrail: Parliamentary Questions and Answers
LT000252/001/016/002/003,Crossrail: Government Reports
LT000257/002/007/001/001/001,Something about the Planning Act 2008
LT000257/011/004/007/002/001,Country Buses and Coaches Northern Division
LT000257/011/004/007/002/002,Country Buses and Coaches Southern Division
LT000257/011/004/007/002/003,Country Buses and Coaches Inspections
LT000257/011/004/007/002/004,Country Bus Services Secretarial
LT000257/011/004/007/003/001,Central Buses Division A (South West)
LT000257/011/004/007/003/002,Central Buses Division B (North East)
LT000257/011/004/007/003/003,Central Buses Division C (North West)
LT000257/011/004/007/003/004,Central Buses Secretarial
LT000257/011/004/007/003/005,Central Buses Inspections
LT000257/011/004/008/001/001,Bus Tyres Investigations and Experiments
LT000257/011/004/008/001/002,Bus Design Investigations and Experiments
LT000257/011/004/008/001/003,Bus Chassis Investigations and Experiments
LT000257/011/004/008/001/004,Bus Electrical Investigations and Experiments
LT000257/011/004/008/001/005,Bus Engines and Combustion Investigations and Experiments
LT000257/011/004/008/001/006,Bus Destination Blinds Investigations and Development
LT000257/011/013/001/002/001,Schedule Compilation Central Buses
LT000257/011/013/001/002/002,Schedule Compilation Country Buses and Coaches
LT000266/001/024/002/005/001,Art & Culture Newsletters
LT000257/011/004/007/002/001/001,"Country Buses and Coaches North [Hertford, Hitchin, Hatfield, St Albans, Luton]"
LT000257/011/004/007/002/001/002,"Country Buses and Coaches North East [Romford, Grays, Epping]"
LT000257/011/004/007/002/001/003,"Country Buses and Coaches North West [Watford High Street, Watford Leaves Roas, Tring, Hemel Hempstead, Harefield]"
LT000257/011/004/007/002/002/001,"Country Buses and Coaches South East [Northfleet, Dartford, Swanley, Dunton Green, Tunbridge Wells]"
LT000257/011/004/007/002/002/002,"Country Buses and Coaches South [Brixton, Dorking, Leatherhead, Reigate, Crwaley, East Grinstead, Godstone, Chelsham]"
LT000257/011/004/007/002/002/003,"Country Buses and Coaches South West [Windsor, Slouth Bath Road, Slough Langley Road, Staines, Addlestone, Guidlford, Amersham, High Wycombe]"
LT000257/011/004/007/003/001/001,Central Buses Camberwell and Battersea
LT000257/011/004/007/003/001/002,Central Buses Merton and Sutton
LT000257/011/004/007/003/001/003,Central Buses Norwood and Streatham
LT000257/011/004/007/003/001/004,Central Buses Nunhead and Old Kent Road
LT000257/011/004/007/003/001/005,Central Buses Plumstead and Sidcup
LT000257/011/004/007/003/001/006,Central Buses Putney Bridge and Chelverton Road
LT000257/011/004/007/003/001/007,Central Buses Elmers End and Croydon
LT000257/011/004/007/003/001/008,Central Buses Catford and Bromley
LT000257/011/004/007/003/001/009,Central Buses Gillingham Street
LT000257/011/004/007/003/001/010,Central Buses New Cross
LT000257/011/004/007/003/001/011,Central Buses Division A Foreman Coachmaker
LT000257/011/004/007/003/001/012,Central Buses Electrical Division A Foreman
LT000257/011/004/007/003/002/001,"Central Buses Barking, Sevenoaks, and Romford"
LT000257/011/004/007/003/002/002,Central Buses Clay Hall and Athol Street
LT000257/011/004/007/003/002/003,Central Buses Dalston and Hackney
LT000257/011/004/007/003/002/004,Central Buses Leyton and Loughton
LT000257/011/004/007/003/002/005,Central Buses Muswell Hill and Palmers Green
LT000257/011/004/007/003/002/006,"Central Buses Tottenham, Enfield, and West Green"
LT000257/011/004/007/003/002/007,Central Buses Upton Park and Forest Gate
LT000257/011/004/007/003/002/008,Central Buses Division B North East Foreman Coachmaker
LT000257/011/004/007/003/002/009,Central Buses Division B North East Electrical Foreman
LT000257/011/004/007/003/003/001,"Central Buses Cricklewood, Hendon, and Edgware"
LT000257/011/004/007/003/003/002,"Central Buses Hammersmith, Shepherd's Bush, and Turnham Green"
LT000257/011/004/007/003/003/003,Central Buses Hollway and Chalk Farm
LT000257/011/004/007/003/003/004,Central Buses Hounslow and Uxbridge
LT000257/011/004/007/003/003/005,Central Buses Hanwell
LT000257/011/004/007/003/003/006,"Central Buses Mortlake, Twickenham, and Kingston"
LT000257/011/004/007/003/003/007,"Central Buses Willesden, Middle Row, and Harrow and Wealdstone"
LT000257/011/004/007/003/003/008,Central Buses Potters Bar
LT000257/011/004/007/003/003/009,Central Buses Alperton
LT000257/011/004/007/003/003/010,Central Buses Division B North West Foreman Coachmaker
LT000257/011/004/007/003/003/011,Central Buses Division B North West Electrical Foreman
LT000257/011/013/001/002/001/001,Schedule Compilation Central Buses North West
LT000257/011/013/001/002/001/002,Schedule Compilation Central Buses West
LT000257/011/013/001/002/001/003,Schedule Compilation Central Buses South West
LT000257/011/013/001/002/001/004,Schedule Compilation Central Buses South East
LT000257/011/013/001/002/001/005,Schedule Compilation Central Buses Allocation
LT000257/011/013/001/002/001/006,Schedule Compilation Central Buses East
LT000257/011/013/001/002/001/007,Schedule Compilation Central Buses Duty Rotas
LT000257/011/013/001/002/002/001,"Schedule Compilation Country Buses and Coaches North  [North = Hertford, Hitchin, Hatfield, St Albans, Luton. North East = Romford, Grays, Epping. North West = Watford High Street, Watford, Tring, Hemel Hempstead, Harefield]"
LT000257/011/013/001/002/002/002,"Schedule Compilation Country Buses and Coaches South [South East = Northfleet, Dartford, Swanley, Dunton Green, Tunbridge Wells. South = Brixton, Dorking, Leatherhead, Reigate, Crawley, East Grinstead, Godstone, Chelsham. South West = Windsor, Slough Bath Road, Slough Langley Road, Staines, Addlestone, Guidlford, Amerhsam, HIgh Wycombe]"
